<?xml version='1.0' encoding='utf-8'?>

<!-- D-Grade Jewels -->

<list>

  <!-- Devotion Necklace -->
  <item id="1">
    <ingredient id="57" count="35900"/>
    <production id="919" count="1"/>
  </item>

  <!-- Red Crescent Earring -->
  <item id="2">
    <ingredient id="57" count="26900"/>
    <production id="857" count="1"/>
  </item>

  <!-- Devotion Ring -->
  <item id="3">
    <ingredient id="57" count="18000"/>
    <production id="888" count="1"/>
  </item>

</list>