<?xml version='1.0' encoding='utf-8'?>

<!-- C-Grade Jewels -->

<list>

  <!-- Blessed Necklace -->
  <item id="1">
    <ingredient id="57" count="12000000"/>
    <production id="919" count="1"/>
  </item>

  <!-- Blessed Earring -->
  <item id="2">
    <ingredient id="57" count="8500000"/>
    <production id="857" count="1"/>
  </item>

  <!-- Blessed Ring -->
  <item id="3">
    <ingredient id="57" count="6000000"/>
    <production id="888" count="1"/>
  </item>

</list>