<?xml version='1.0' encoding='utf-8'?>

<!-- B-Grade Jewels -->

<list>

  <!-- Necklace of Black Ore -->
  <item id="1">
    <ingredient id="57" count="26000000"/>
    <production id="926" count="1"/>
  </item>

  <!-- Earring of Black Ore -->
  <item id="2">
    <ingredient id="57" count="20000000"/>
    <production id="864" count="1"/>
  </item>

  <!-- Ring of Black Ore -->
  <item id="3">
    <ingredient id="57" count="15000000"/>
    <production id="895" count="1"/>
  </item>

</list>