<?xml version='1.0' encoding='utf-8'?>

<!-- C-Grade Armors -->

<list>

<!-- Full Plate Heavy Armor -->
<item id="1">
    <ingredient id="57" count="7000000"/>
    <production id="356" count="1"/>
  </item>

<item id="2">
    <ingredient id="57" count="7000000"/>
    <production id="2414" count="1"/>
  </item>

<item id="3">
    <ingredient id="57" count="7000000"/>
    <production id="2438" count="1"/>
  </item>

<item id="4">
    <ingredient id="57" count="7000000"/>
    <production id="2462" count="1"/>
  </item>

<!-- Theca Leather Light Armor -->
<item id="5">
    <ingredient id="57" count="7000000"/>
    <production id="400" count="1"/>
  </item>

<item id="6">
    <ingredient id="57" count="7000000"/>
    <production id="420" count="1"/>
  </item>

<item id="7">
    <ingredient id="57" count="7000000"/>
    <production id="2436" count="1"/>
  </item>

<item id="8">
    <ingredient id="57" count="7000000"/>
    <production id="2460" count="1"/>
  </item>

<item id="9">
    <ingredient id="57" count="7000000"/>
    <production id="2414" count="1"/>
  </item>

<!-- Plated Leather Light Armor -->
<item id="10">
    <ingredient id="57" count="7000000"/>
    <production id="398" count="1"/>
  </item>

<item id="11">
    <ingredient id="57" count="7000000"/>
    <production id="418" count="1"/>
  </item>

<item id="12">
    <ingredient id="57" count="7000000"/>
    <production id="2431" count="1"/>
  </item>

<item id="13">
    <ingredient id="57" count="7000000"/>
    <production id="2455" count="1"/>
  </item>

<item id="14">
    <ingredient id="57" count="7000000"/>
    <production id="2414" count="1"/>
  </item>

<!-- Karmian Robe Armor -->
<item id="15">
    <ingredient id="57" count="7000000"/>
    <production id="439" count="1"/>
  </item>

<item id="16">
    <ingredient id="57" count="7000000"/>
    <production id="471" count="1"/>
  </item>

<item id="17">
    <ingredient id="57" count="7000000"/>
    <production id="2430" count="1"/>
  </item>

<item id="18">
    <ingredient id="57" count="7000000"/>
    <production id="2454" count="1"/>
  </item>

<item id="19">
    <ingredient id="57" count="7000000"/>
    <production id="2414" count="1"/>
  </item>

<!-- Demon's Robe Armor -->
<item id="20">
    <ingredient id="57" count="7000000"/>
    <production id="441" count="1"/>
  </item>

<item id="21">
    <ingredient id="57" count="7000000"/>
    <production id="472" count="1"/>
  </item>

<item id="22">
    <ingredient id="57" count="7000000"/>
    <production id="2435" count="1"/>
  </item>

<item id="23">
    <ingredient id="57" count="7000000"/>
    <production id="2459" count="1"/>
  </item>

<item id="24">
    <ingredient id="57" count="7000000"/>
    <production id="2414" count="1"/>
  </item>

 <!-- Full Plate Heavy Armor Set -->
  <item id="25">
    <ingredient id="57" count="35000000"/>
    <production id="356" count="1"/>
    <production id="2414" count="1"/>
    <production id="2438" count="1"/>
    <production id="2462" count="1"/>
    <production id="2497" count="1"/>
  </item>

  <!-- Theca Leather Light Armor Set -->
  <item id="26">
    <ingredient id="57" count="35000000"/>
    <production id="400" count="1"/>
    <production id="420" count="1"/>
    <production id="2436" count="1"/>
    <production id="2460" count="1"/>
    <production id="2414" count="1"/>
  </item>

  <!-- Plated Leather Light Armor Set -->
  <item id="27">
    <ingredient id="57" count="35000000"/>
    <production id="398" count="1"/>
    <production id="418" count="1"/>
    <production id="2431" count="1"/>
    <production id="2455" count="1"/>
    <production id="2414" count="1"/>
  </item>

  <!-- Karmian Robe Armor Set -->
  <item id="28">
    <ingredient id="57" count="35000000"/>
    <production id="439" count="1"/>
    <production id="471" count="1"/>
    <production id="2430" count="1"/>
    <production id="2454" count="1"/>
    <production id="2414" count="1"/>
  </item>

  <!-- Demon's Robe Armor Set -->
  <item id="29">
    <ingredient id="57" count="35000000"/>
    <production id="441" count="1"/>
    <production id="472" count="1"/>
    <production id="2435" count="1"/>
    <production id="2459" count="1"/>
    <production id="2414" count="1"/>
  </item>

</list>