<?xml version='1.0' encoding='utf-8'?>
<!-- A-Grade Armors -->
<list maintainEnchantment="true">
<!-- Majestic Heavy Armor -->
<item id='1'>
<ingredient id='57' count='30000000'/>
<production id='2383' count='1'/>
</item>
<item id='2'>
<ingredient id='57' count='30000000'/>
<production id='2419' count='1'/>
</item>
<item id='3'>
<ingredient id='57' count='30000000'/>
<production id='5774' count='1'/>
</item>
<item id='4'>
<ingredient id='57' count='30000000'/>
<production id='5786' count='1'/>
</item>

<!-- Majestic Leather Armor -->
<item id='5'>
<ingredient id='57' count='30000000'/>
<production id='2395' count='1'/>
</item>
<item id='6'>
<ingredient id='57' count='30000000'/>
<production id='2419' count='1'/>
</item>
<item id='7'>
<ingredient id='57' count='30000000'/>
<production id='5775' count='1'/>
</item>
<item id='8'>
<ingredient id='57' count='30000000'/>
<production id='5787' count='1'/>
</item>
<!-- Majetic Robe Armor -->
<item id='9'>
<ingredient id='57' count='30000000'/>
<production id='2409' count='1'/>
</item>
<item id='10'>
<ingredient id='57' count='30000000'/>
<production id='2419' count='1'/>
</item>
<item id='11'>
<ingredient id='57' count='30000000'/>
<production id='5776' count='1'/>
</item>
<item id='12'>
<ingredient id='57' count='30000000'/>
<production id='5788' count='1'/>
</item>
<!-- Tallum Heavy Armor -->
<item id='13'>
<ingredient id='57' count='30000000'/>
<production id='2382' count='1'/>
</item>
<item id='14'>
<ingredient id='57' count='30000000'/>
<production id='547' count='1'/>
</item>
<item id='15'>
<ingredient id='57' count='30000000'/>
<production id='5768' count='1'/>
</item>
<item id='16'>
<production id='5780' count='1'/>
</item>
<!-- Tallum Leather Armor -->
<item id ='17'>
<ingredient id='57' count='30000000'/>
<production id='2393' count='1'/>
</item>
<item id='18'>
<ingredient id='57' count='30000000'/>
<production id='547' count='1'/>
</item>
<item id='19'>
<ingredient id='57' count='30000000'/>
<production id='5769' count='1'/>
</item>
<item id='20'>
<ingredient id='57' count='30000000'/>
<production id='5781' count='1'/>
</item>
<!-- Tallum Robe Armor -->
<item id='21'>
<ingredient id='57' count='30000000'/>
<production id='2400' count='1'/>
</item>
<item id='22'>
<ingredient id='57' count='30000000'/>
<production id='2405' count='1'/>
</item>
<item id='23'>
<ingredient id='57' count='30000000'/>
<production id='547' count='1'/>
</item>
<item id='24'>
<ingredient id='57' count='30000000'/>
<production id='5770' count='1'/>
</item>
<item id='25'>
<ingredient id='57' count='30000000'/>
<production id='5782' count='1'/>
</item>
<!-- Dark Crystall Heavy Armor -->
<item id='26'>
<ingredient id='57' count='30000000'/>
<production id='365' count='1'/>
</item>
<item id='27'>
<ingredient id='57' count='30000000'/>
<production id='388' count='1'/>
</item>
<item id='28'>
<ingredient id='57' count='30000000'/>
<production id='512' count='1'/>
</item>
<item id='29'>
<ingredient id='57' count='30000000'/>
<production id='5765' count='1'/>
</item>
<item id='30'>
<ingredient id='57' count='30000000'/>
<production id='5777' count='1'/>
</item>

<!-- Dark Crystall Light Armor -->
<item id ='31'>
<ingredient id='57' count='30000000'/>
<production id='2385' count='1'/>
</item>
<item id='32'>
<ingredient id='57' count='30000000'/>
<production id='2389' count='1'/>
</item>
<item id='33'>
<ingredient id='57' count='30000000'/>
<production id='512' count='1'/>
</item>
<item id='34'>
<ingredient id='57' count='30000000'/>
<production id='5766' count='1'/>
</item>
<item id='35'>
<ingredient id='57' count='30000000'/>
<production id='5778' count='1'/>
</item>
<!-- Dark Crystall Robe Armor -->
<item id='36'>
<ingredient id='57' count='30000000'/>
<production id='2407' count='1'/>
</item>
<item id='37'>
<ingredient id='57' count='30000000'/>
<production id='512' count='1'/>
</item>
<item id='38'>
<ingredient id='57' count='30000000'/>
<production id='5767' count='1'/>
</item>
<item id='39'>
<ingredient id='57' count='30000000'/>
<production id='5779' count='1'/>
</item>
<!-- Nightmare Heavy Armor -->
<item id='40'>
<ingredient id='57' count='30000000'/>
<production id='374' count='1'/>
</item>
<item id='41'>
<ingredient id='57' count='30000000'/>
<production id='2418' count='1'/>
</item>
<item id='42'>
<ingredient id='57' count='30000000'/>
<production id='5771' count='1'/>
</item>
<item id='43'>
<ingredient id='57' count='30000000'/>
<production id='5783' count='1'/>
</item>

<!-- Nightmare Leather Armor -->
<item id='44'>
<ingredient id='57' count='30000000'/>
<production id='2394' count='1'/>
</item>
<item id='45'>
<ingredient id='57' count='30000000'/>
<production id='2418' count='1'/>
</item>
<item id='46'>
<ingredient id='57' count='30000000'/>
<production id='5772' count='1'/>

<!-- Nightmare Robe Armor -->
<item id='47'>
<ingredient id='57' count='30000000'/>
<production id='2408' count='1'/>
</item>
<item id='48'>
<ingredient id='57' count='30000000'/>
<production id='2418' count='1'/>
</item>
<item id='49'>
<ingredient id='57' count='30000000'/>
<production id='5773' count='1'/>
</item>
<item id='50'>
<ingredient id='57' count='30000000'/>
<production id='5785' count='1'/>
</item>

  <!-- Majestic Heavy Armor Set -->
  <item id="51">
    <ingredient id="57" count="150000000"/>
    <production id="2383" count="1"/>
    <production id="2419" count="1"/>
    <production id="5774" count="1"/>
    <production id="5786" count="1"/>
    <production id="641" count="1"/>
  </item>

  <!-- Majestic Leather Armor Set -->
  <item id="52">
    <ingredient id="57" count="150000000"/>
    <production id="2395" count="1"/>
    <production id="2419" count="1"/>
    <production id="5775" count="1"/>
    <production id="5787" count="1"/>
  </item>

  <!-- Majestic Robe Armor Set -->
  <item id="53">
    <ingredient id="57" count="150000000"/>
    <production id="2409" count="1"/>
    <production id="2419" count="1"/>
    <production id="5776" count="1"/>
    <production id="5788" count="1"/>
  </item>

  <!-- Tallum Heavy Armor Set -->
  <item id="54">
    <ingredient id="57" count="150000000"/>
    <production id="2382" count="1"/>
    <production id="547" count="1"/>
    <production id="5768" count="1"/>
    <production id="5780" count="1"/>
  </item>

  <!-- Tallum Leather Armor Set -->
  <item id="55">
    <ingredient id="57" count="150000000"/>
    <production id="2393" count="1"/>
    <production id="547" count="1"/>
    <production id="5769" count="1"/>
    <production id="5781" count="1"/>
  </item>

  <!-- Tallum Robe Armor Set -->
  <item id="57">
    <ingredient id="57" count="150000000"/>
    <production id="2400" count="1"/>
    <production id="2405" count="1"/>
    <production id="547" count="1"/>
    <production id="5770" count="1"/>
    <production id="5782" count="1"/>
  </item>

  <!-- Dark Crystal Heavy Armor Set -->
  <item id="58">
    <ingredient id="57" count="150000000"/>
    <production id="365" count="1"/>
    <production id="388" count="1"/>
    <production id="512" count="1"/>
    <production id="5765" count="1"/>
    <production id="5777" count="1"/>
    <production id="641" count="1"/>
  </item>

  <!-- Dark Crystal Light Armor Set -->
  <item id="59">
    <ingredient id="57" count="150000000"/>
    <production id="2385" count="1"/>
    <production id="2389" count="1"/>
    <production id="512" count="1"/>
    <production id="5766" count="1"/>
    <production id="5778" count="1"/>
  </item>

  <!-- Dark Crystal Robe Armor Set -->
  <item id="60">
    <ingredient id="57" count="150000000"/>
    <production id="2407" count="1"/>
    <production id="512" count="1"/>
    <production id="5767" count="1"/>
    <production id="5779" count="1"/>
  </item>

  <!-- Nightmare Heavy Armor Set -->
  <item id="61">
    <ingredient id="57" count="150000000"/>
    <production id="374" count="1"/>
    <production id="2418" count="1"/>
    <production id="5771" count="1"/>
    <production id="5783" count="1"/>
    <production id="2498" count="1"/>
  </item>

  <!-- Nightmare Leather Armor Set -->
  <item id="62">
    <ingredient id="57" count="150000000"/>
    <production id="2394" count="1"/>
    <production id="2418" count="1"/>
    <production id="5772" count="1"/>
    <production id="5784" count="1"/>
  </item>

  <!-- Nightmare Robe Armor Set -->
  <item id="63">
    <ingredient id="57" count="150000000"/>
    <production id="2408" count="1"/>
    <production id="2418" count="1"/>
    <production id="5773" count="1"/>
    <production id="5785" count="1"/>
  </item>
</list>