<?xml version='1.0' encoding='utf-8'?>



<list>

<item id="1">
    <ingredient id="57" count="3333333"/>
    <production id="2493" count="1"/>
</item>

<item id="2">
    <ingredient id="57" count="7000000"/>
    <production id="2497" count="1"/>
  </item>

  <!-- Avadon Shield -->
  <item id="3">
    <ingredient id="57" count="20000000"/>
    <production id="673" count="1"/>
  </item>

<item id="4">
    <ingredient id="57" count="12000000"/>
    <production id="673" count="1"/>
</item>

  <!-- Dark Crystal Shield -->
  <item id="5">
    <ingredient id="57" count="50000000"/>
    <production id="641" count="1"/>
  </item>

  <!-- Nightmare Shield -->
  <item id="6">
    <ingredient id="57" count="50000000"/>
    <production id="2498" count="1"/>
  </item>
</list>