<?xml version='1.0' encoding='utf-8'?>

<!-- A-Grade Weapons -->

<list>

  <!-- Sword of Miracles [Acumen] -->
  <item id="1">
    <ingredient id="57" count="250000000"/>
    <production id="5641" count="1"/>
  </item>

  <!-- Sword of Miracles [Magic Power] -->
  <item id="2">
    <ingredient id="57" count="250000000"/>
    <production id="5642" count="1"/>
  </item>

  <!-- Sword of Miracles [Magic Silence] -->
  <item id="3">
    <ingredient id="57" count="250000000"/>
    <production id="5643" count="1"/>
  </item>

  <!-- Tallum Glaive [Guidance] -->
  <item id="4">
    <ingredient id="57" count="250000000"/>
    <production id="5632" count="1"/>
  </item>

  <!-- Tallum Glaive [Health] -->
  <item id="5">
    <ingredient id="57" count="250000000"/>
    <production id="5633" count="1"/>
  </item>

  <!-- Tallum Glaive [Wide Blow] -->
  <item id="6">
    <ingredient id="57" count="250000000"/>
    <production id="5634" count="1"/>
  </item>

  <!-- Tallum Blade [Critical Poison] -->
  <item id="7">
    <ingredient id="57" count="250000000"/>
    <production id="5635" count="1"/>
  </item>

  <!-- Tallum Blade [Haste] -->
  <item id="8">
    <ingredient id="57" count="250000000"/>
    <production id="5636" count="1"/>
  </item>

  <!-- Tallum Blade [Anger] -->
  <item id="9">
    <ingredient id="57" count="250000000"/>
    <production id="5637" count="1"/>
  </item>

  <!-- Elemental Sword [Magic Power] -->
  <item id="10">
    <ingredient id="57" count="250000000"/>
    <production id="5638" count="1"/>
  </item>

  <!-- Elemental Sword [Magic Paralyze] -->
  <item id="11">
    <ingredient id="57" count="250000000"/>
    <production id="5639" count="1"/>
  </item>

  <!-- Elemental Sword [Magic Paralyze] -->
  <item id="12">
    <ingredient id="57" count="250000000"/>
    <production id="5640" count="1"/>
  </item>

  <!-- Dragon Slayer [Health] -->
  <item id="13">
    <ingredient id="57" count="250000000"/>
    <production id="5644" count="1"/>
  </item>

  <!-- Dragon Slayer [Critical Bleed] -->
  <item id="14">
    <ingredient id="57" count="250000000"/>
    <production id="5645" count="1"/>
  </item>

  <!-- Dragon Slayer [Critical Drain] -->
  <item id="15">
    <ingredient id="57" count="250000000"/>
    <production id="5646" count="1"/>
  </item>

  <!-- Dark Legion's Edge [Critical Damage] -->
  <item id="16">
    <ingredient id="57" count="250000000"/>
    <production id="5647" count="1"/>
  </item>

  <!-- Dark Legion's Edge [Health -->
  <item id="17">
    <ingredient id="57" count="250000000"/>
    <production id="5648" count="1"/>
  </item>

  <!-- Dark Legion's Edge [Rsk. Focus] -->
  <item id="18">
    <ingredient id="57" count="250000000"/>
    <production id="5649" count="1"/>
  </item>

  <!-- Damascus*Damascus -->
  <item id="19">
    <ingredient id="57" count="250000000"/>
    <production id="5706" count="1"/>
  </item>

  <!-- Dasparion's Staff [Mana Up] -->
  <item id="20">
    <ingredient id="57" count="250000000"/>
    <production id="5596" count="1"/>
  </item>

  <!-- Dasparion's Staff [Conversion] -->
  <item id="21">
    <ingredient id="57" count="250000000"/>
    <production id="5597" count="1"/>
  </item>

  <!-- Dasparion's Staff [Acumen] -->
  <item id="22">
    <ingredient id="57" count="250000000"/>
    <production id="5598" count="1"/>
  </item>

  <!-- Elysian [Health] -->
  <item id="23">
    <ingredient id="57" count="250000000"/>
    <production id="5602" count="1"/>
  </item>

  <!-- Elysian [Anger] -->
  <item id="24">
    <ingredient id="57" count="250000000"/>
    <production id="5603" count="1"/>
  </item>

  <!-- Elysian [Critical Drain] -->
  <item id="25">
    <ingredient id="57" count="250000000"/>
    <production id="5604" count="1"/>
  </item>

  <!-- Branch of The Mother Tree [Conversion] -->
  <item id="26">
    <ingredient id="57" count="250000000"/>
    <production id="5605" count="1"/>
  </item>

  <!-- Branch of The Mother Tree [Magic Damage] -->
  <item id="27">
    <ingredient id="57" count="250000000"/>
    <production id="5606" count="1"/>
  </item>

  <!-- Branch of The Mother Tree [Acumen] -->
  <item id="28">
    <ingredient id="57" count="250000000"/>
    <production id="5607" count="1"/>
  </item>

  <!-- Carnage Bow [Light] -->
  <item id="29">
    <ingredient id="57" count="250000000"/>
    <production id="5608" count="1"/>
  </item>

  <!-- Carnage Bow [Critical Bleed] -->
  <item id="30">
    <ingredient id="57" count="250000000"/>
    <production id="5609" count="1"/>
  </item>
  <!-- Carnage Bow [Mana Up] -->
  <item id="31">
    <ingredient id="57" count="250000000"/>
    <production id="5610" count="1"/>
  </item>
  <!-- Soul Bow [Cheap Shot] -->
  <item id="32">
    <ingredient id="57" count="250000000"/>
    <production id="5611" count="1"/>
  </item>
  <!-- Soul Bow [Quick Recovery] -->
  <item id="33">
    <ingredient id="57" count="250000000"/>
    <production id="5612" count="1"/>
  </item>
  <!-- Soul Bow [Critical Poison] -->
  <item id="34">
    <ingredient id="57" count="250000000"/>
    <production id="5613" count="1"/>
  </item>
  <!-- Bloody Orchid [Focus] -->
  <item id="35">
    <ingredient id="57" count="250000000"/>
    <production id="5614" count="1"/>
  </item>
  <!-- Bloody Orchid [Back Blow] -->
  <item id="36">
    <ingredient id="57" count="250000000"/>
    <production id="5615" count="1"/>
  </item>
  <!-- Bloody Orchid [Critical Bleed] -->
  <item id="37">
    <ingredient id="57" count="250000000"/>
    <production id="5616" count="1"/>
  </item>
  <!-- Soul Separator [Guidance] -->
  <item id="38">
    <ingredient id="57" count="250000000"/>
    <production id="5617" count="1"/>
  </item>
  <!-- Soul Separator [Critical Damage] -->
  <item id="39">
    <ingredient id="57" count="250000000"/>
    <production id="5618" count="1"/>
  </item>
  <!-- Soul Separator [Rsk. Haste] -->
  <item id="40">
    <ingredient id="57" count="250000000"/>
    <production id="5619" count="1"/>
  </item>
  <!-- Blood Tornado [Haste] -->
  <item id="41">
    <ingredient id="57" count="250000000"/>
    <production id="5620" count="1"/>
  </item>
  <!-- Blood Tornado [Focus] -->
  <item id="42">
    <ingredient id="57" count="250000000"/>
    <production id="5621" count="1"/>
  </item>
  <!-- Blood Tornado [Anger] -->
  <item id="43">
    <ingredient id="57" count="250000000"/>
    <production id="5622" count="1"/>
  </item>
  <!-- Dragon Grinder [Rsk. Evasion] -->
  <item id="44">
    <ingredient id="57" count="250000000"/>
    <production id="5623" count="1"/>
  </item>
  <!-- Dragon Grinder [Guidance] -->
  <item id="45">
    <ingredient id="57" count="250000000"/>
    <production id="5624" count="1"/>
  </item>
  <!-- Dragon Grinder [Health] -->
  <item id="46">
    <ingredient id="57" count="250000000"/>
    <production id="5625" count="1"/>
  </item>
  <!-- Halberd [Haste] -->
  <item id="47">
    <ingredient id="57" count="250000000"/>
    <production id="5626" count="1"/>
  </item>
  <!-- Halberd [Critical Stun] -->
  <item id="48">
    <ingredient id="57" count="250000000"/>
    <production id="5627" count="1"/>
  </item>
  <!-- Halberd [Wide Blow] -->
  <item id="49">
    <ingredient id="57" count="250000000"/>
    <production id="5628" count="1"/>
  </item>
  <!-- Infernal Master [Haste] -->
  <item id="50">
    <ingredient id="57" count="250000000"/>
    <production id="8108" count="1"/>
  </item>
  <!-- Infernal Master [Critical Damage] -->
  <item id="51">
    <ingredient id="57" count="250000000"/>
    <production id="8109" count="1"/>
  </item>
  <!-- Infernal Master [Focus] -->
  <item id="52">
    <ingredient id="57" count="250000000"/>
    <production id="8110" count="1"/>
  </item>
  <!-- Destroyer Hammer [Health] -->
  <item id="53">
    <ingredient id="57" count="250000000"/>
    <production id="8126" count="1"/>
  </item>
  <!-- Destroyer Hammer [Haste] -->
  <item id="54">
    <ingredient id="57" count="250000000"/>
    <production id="8127" count="1"/>
  </item>
  <!-- Destroyer Hammer [Critical Drain] -->
  <item id="55">
    <ingredient id="57" count="250000000"/>
    <production id="8128" count="1"/>
  </item>
</list>